"Date","Price","Open","High","Low","Vol.","Change %"
"Jun 30, 2021","22.10","21.25","22.50","21.25","2.04M","4.74%"
"Jun 29, 2021","21.10","21.55","21.80","21.01","343.00K","0.24%"
"Jun 28, 2021","21.05","22.00","22.00","21.05","2.04M","-4.32%"
"Jun 25, 2021","22.00","23.09","23.10","21.95","1.13M","-3.30%"
"Jun 24, 2021","22.75","22.26","23.45","21.90","1.87M","1.52%"
"Jun 23, 2021","22.41","22.89","23.24","22.30","1.31M","-1.10%"
"Jun 22, 2021","22.66","22.44","23.00","22.05","2.75M","3.00%"
"Jun 21, 2021","22.00","22.00","22.60","21.12","2.57M","2.04%"
"Jun 18, 2021","21.56","21.20","22.19","21.00","2.50M","2.67%"
"Jun 17, 2021","21.00","20.11","21.74","19.98","5.75M","3.70%"
"Jun 16, 2021","20.25","20.60","20.87","20.20","486.00K","-1.46%"
"Jun 15, 2021","20.55","21.91","21.91","20.50","1.89M","-5.12%"
"Jun 14, 2021","21.66","22.35","22.35","21.20","3.68M","3.88%"
"Jun 11, 2021","20.85","20.49","21.30","20.20","2.44M","3.22%"
"Jun 10, 2021","20.20","19.89","20.59","19.66","2.21M","3.06%"
"Jun 09, 2021","19.60","19.19","19.95","19.00","1.13M","2.62%"
"Jun 08, 2021","19.10","19.52","19.52","18.60","936.00K","-1.55%"
"Jun 07, 2021","19.40","19.30","20.00","19.30","1.42M","0.00%"
"Jun 04, 2021","19.40","20.49","20.49","19.25","2.83M","-4.86%"
"Jun 03, 2021","20.39","20.70","21.00","20.16","4.59M","0.39%"
"Jun 02, 2021","20.31","20.15","20.79","19.50","5.03M","2.11%"
"Jun 01, 2021","19.89","18.99","19.89","18.65","13.93M","7.46%"
"May 31, 2021","18.51","17.90","18.51","17.50","5.06M","7.49%"
"May 28, 2021","17.22","16.19","17.22","16.00","5.51M","7.36%"
"May 27, 2021","16.04","15.60","16.60","15.56","3.94M","2.82%"
"May 26, 2021","15.60","15.34","15.70","15.05","2.76M","3.38%"
"May 25, 2021","15.09","15.40","15.50","15.00","1.21M","-2.01%"
"May 24, 2021","15.40","15.68","15.70","15.25","405.50K","-1.16%"
"May 21, 2021","15.58","15.66","15.92","15.45","802.50K","-0.76%"
"May 20, 2021","15.70","15.76","16.25","15.62","1.30M","-1.88%"
"May 19, 2021","16.00","16.20","16.20","15.52","943.50K","-1.23%"
"May 18, 2021","16.20","16.70","16.80","16.20","736.00K","-1.82%"
"May 17, 2021","16.50","15.40","16.75","15.40","3.62M","4.70%"
"May 06, 2021","15.76","15.55","15.95","15.25","902.50K","2.01%"
"May 05, 2021","15.45","15.25","15.50","15.01","1.29M","1.51%"
"May 04, 2021","15.22","14.95","15.22","14.70","1.06M","3.54%"
"May 03, 2021","14.70","14.65","14.83","14.60","904.50K","-0.68%"
"Apr 30, 2021","14.80","14.70","15.01","14.50","1.79M","0.68%"
"Apr 29, 2021","14.70","14.66","14.75","14.60","242.00K","-0.07%"
"Apr 28, 2021","14.71","14.82","15.00","14.65","471.50K","0.07%"
"Apr 27, 2021","14.70","14.66","14.90","14.50","793.00K","0.00%"
"Apr 26, 2021","14.70","13.86","15.00","13.86","2.21M","3.45%"
"Apr 23, 2021","14.21","13.50","14.48","13.50","1.30M","2.23%"
"Apr 22, 2021","13.90","13.76","14.17","13.75","1.16M","0.36%"
"Apr 21, 2021","13.85","13.50","14.19","13.50","1.26M","2.59%"
"Apr 20, 2021","13.50","12.80","13.57","12.71","5.75M","7.14%"
"Apr 19, 2021","12.60","12.99","13.00","12.51","980.50K","-0.40%"
"Apr 16, 2021","12.65","12.62","12.76","12.62","377.50K","-0.47%"
"Apr 15, 2021","12.71","12.80","12.95","12.70","160.00K","-1.85%"
"Apr 14, 2021","12.95","12.50","12.99","12.31","137.50K","0.78%"
"Apr 13, 2021","12.85","12.80","13.00","12.80","200.50K","-0.46%"
"Apr 12, 2021","12.91","13.36","13.36","12.90","228.50K","-2.64%"
"Apr 09, 2021","13.26","12.96","13.58","12.11","9.58M","2.31%"
"Apr 08, 2021","12.96","12.75","13.00","12.51","165.00K","0.15%"
"Apr 07, 2021","12.94","13.40","13.40","12.70","52.00K","0.47%"
"Apr 06, 2021","12.88","12.55","12.94","12.55","36.50K","2.88%"
"Apr 05, 2021","12.52","13.00","13.19","12.52","408.00K","-4.43%"
"Apr 02, 2021","13.10","12.50","13.25","12.50","465.50K","0.23%"
"Apr 01, 2021","13.07","13.30","13.54","13.00","153.50K","-4.18%"
"Mar 31, 2021","13.64","13.40","13.73","13.40","280.00K","-0.44%"
"Mar 30, 2021","13.70","13.50","13.70","13.31","252.00K","2.62%"
"Mar 29, 2021","13.35","13.80","13.80","13.30","125.00K","-4.30%"
"Mar 26, 2021","13.95","13.80","14.02","13.75","24.00K","-0.36%"
"Mar 25, 2021","14.00","14.00","14.20","13.95","172.50K","0.00%"
"Mar 24, 2021","14.00","14.19","14.20","13.82","4.50K","-0.71%"
"Mar 22, 2021","14.10","13.90","14.25","13.80","374.00K","1.00%"
"Mar 19, 2021","13.96","13.63","14.00","13.55","129.00K","1.16%"
"Mar 18, 2021","13.80","14.15","14.29","13.65","340.00K","0.00%"
"Mar 17, 2021","13.80","13.52","14.05","13.50","552.50K","3.37%"
"Mar 16, 2021","13.35","13.72","13.72","13.30","193.00K","-1.11%"
"Mar 15, 2021","13.50","13.60","13.60","13.00","374.50K","3.85%"
"Mar 12, 2021","13.00","12.51","13.40","12.51","351.50K","0.00%"
"Mar 11, 2021","13.00","13.75","13.75","13.00","1.00M","-4.76%"
"Mar 10, 2021","13.65","14.40","14.40","13.50","501.50K","-1.09%"
"Mar 09, 2021","13.80","14.20","14.20","13.55","198.00K","-0.72%"
"Mar 08, 2021","13.90","14.63","14.68","13.90","475.00K","-4.14%"
"Mar 05, 2021","14.50","14.58","14.62","14.25","563.50K","-1.49%"
"Mar 04, 2021","14.72","14.82","15.11","14.52","2.61M","-2.84%"
"Mar 03, 2021","15.15","15.49","15.55","14.92","2.60M","-1.30%"
"Mar 02, 2021","15.35","15.12","15.55","15.12","257.00K","0.20%"
"Mar 01, 2021","15.32","15.80","15.80","15.00","318.00K","-1.42%"
"Feb 26, 2021","15.54","16.05","16.20","15.40","941.00K","-2.26%"
"Feb 25, 2021","15.90","15.75","15.95","15.55","283.00K","2.58%"
"Feb 24, 2021","15.50","15.90","15.90","15.40","362.00K","-2.21%"
"Feb 23, 2021","15.85","16.05","16.08","15.75","262.50K","0.63%"
"Feb 22, 2021","15.75","15.99","16.30","15.75","1.19M","-1.25%"
"Feb 19, 2021","15.95","16.34","16.40","15.80","459.00K","-3.04%"
"Feb 18, 2021","16.45","16.25","16.45","15.85","2.14M","1.48%"
"Feb 17, 2021","16.21","16.38","16.65","15.77","5.74M","2.08%"
"Feb 16, 2021","15.88","15.35","16.16","15.18","5.43M","4.82%"
"Feb 15, 2021","15.15","15.06","15.40","15.05","654.50K","0.93%"
"Feb 12, 2021","15.01","15.24","15.38","15.00","678.50K","0.07%"
"Feb 11, 2021","15.00","15.40","15.40","14.90","523.00K","-2.60%"
"Feb 10, 2021","15.40","15.12","15.40","15.10","280.00K","1.72%"
"Feb 09, 2021","15.14","15.05","15.75","15.00","2.74M","0.87%"
"Feb 08, 2021","15.01","15.40","15.40","15.01","93.00K","-0.92%"
"Feb 04, 2021","15.15","15.25","15.39","15.05","1.11M","-0.39%"
"Feb 03, 2021","15.21","15.30","15.48","15.20","876.50K","-0.20%"
"Feb 02, 2021","15.24","15.26","15.55","15.20","638.50K","-0.39%"
"Feb 01, 2021","15.30","15.58","15.80","15.27","659.00K","-0.26%"
"Jan 29, 2021","15.34","15.42","15.65","15.34","801.00K","0.26%"
"Jan 28, 2021","15.30","15.57","15.65","15.30","404.50K","-1.29%"
"Jan 27, 2021","15.50","15.42","15.75","15.42","519.50K","-0.19%"
"Jan 26, 2021","15.53","15.55","15.75","15.50","428.50K","0.19%"
"Jan 25, 2021","15.50","15.53","15.82","15.42","531.00K","-0.13%"
"Jan 22, 2021","15.52","15.55","15.70","15.46","225.00K","-0.51%"
"Jan 21, 2021","15.60","15.50","15.95","15.50","1.18M","-0.26%"
"Jan 20, 2021","15.64","15.65","15.68","15.39","496.50K","0.90%"
"Jan 19, 2021","15.50","15.90","15.94","15.50","571.00K","-3.00%"
"Jan 18, 2021","15.98","16.10","16.35","15.86","1.21M","-1.48%"
"Jan 15, 2021","16.22","15.90","16.55","15.66","4.82M","3.64%"
"Jan 14, 2021","15.65","15.91","16.20","15.60","2.46M","0.13%"
"Jan 13, 2021","15.63","15.65","16.10","15.39","3.31M","-0.45%"
"Jan 12, 2021","15.70","15.67","15.83","15.45","1.22M","0.00%"
"Jan 11, 2021","15.70","15.35","15.84","15.30","1.85M","2.01%"
"Jan 08, 2021","15.39","15.05","15.46","15.05","399.50K","0.92%"
"Jan 07, 2021","15.25","15.59","15.60","15.20","520.00K","-0.33%"
"Jan 06, 2021","15.30","15.20","15.80","15.00","3.33M","2.68%"
"Jan 05, 2021","14.90","14.77","15.16","14.77","848.00K","0.00%"
"Jan 04, 2021","14.90","15.05","15.05","14.70","524.50K","0.34%"
"Jan 01, 2021","14.85","15.00","15.20","14.75","1.24M","0.34%"
"Dec 31, 2020","14.80","15.39","15.40","14.75","1.26M","-3.20%"
"Dec 30, 2020","15.29","14.97","15.44","14.23","3.01M","4.73%"
"Dec 29, 2020","14.60","14.66","15.00","14.55","1.52M","-0.34%"
"Dec 28, 2020","14.65","14.60","14.70","14.49","244.50K","1.03%"
"Dec 24, 2020","14.50","14.42","15.12","14.42","1.22M","1.12%"
"Dec 23, 2020","14.34","14.35","14.60","14.34","200.00K","-0.76%"
"Dec 22, 2020","14.45","14.61","14.87","14.45","1.43M","-1.37%"
"Dec 21, 2020","14.65","14.95","15.02","14.65","871.00K","-1.01%"
"Dec 18, 2020","14.80","14.82","15.20","14.75","1.16M","-0.27%"
"Dec 17, 2020","14.84","14.79","15.00","14.70","1.70M","-0.40%"
"Dec 16, 2020","14.90","14.65","15.20","14.65","2.06M","1.98%"
"Dec 15, 2020","14.61","14.70","15.09","14.50","1.96M","0.76%"
"Dec 14, 2020","14.50","14.45","14.60","14.32","1.17M","2.11%"
"Dec 11, 2020","14.20","14.45","14.50","13.90","291.00K","0.00%"
"Dec 10, 2020","14.20","14.64","14.64","14.16","97.50K","-0.70%"
"Dec 09, 2020","14.30","14.56","14.65","14.27","202.00K","0.00%"
"Dec 08, 2020","14.30","14.29","14.55","14.20","533.50K","-0.35%"
"Dec 07, 2020","14.35","14.31","14.50","14.26","212.50K","-0.49%"
"Dec 04, 2020","14.42","14.50","14.65","14.30","532.50K","1.91%"
"Dec 03, 2020","14.15","14.26","14.52","14.08","576.00K","0.00%"
"Dec 02, 2020","14.15","14.25","14.70","14.15","1.02M","0.35%"
"Dec 01, 2020","14.10","13.95","14.25","13.95","134.00K","-0.28%"
"Nov 30, 2020","14.14","14.24","14.25","13.56","69.00K","1.00%"
"Nov 27, 2020","14.00","14.20","14.20","13.90","497.00K","0.14%"
"Nov 26, 2020","13.98","13.05","14.06","13.05","2.24M","5.51%"
"Nov 25, 2020","13.25","12.75","13.30","12.70","203.50K","5.16%"
"Nov 24, 2020","12.60","13.01","13.01","12.52","56.00K","-3.00%"
"Nov 23, 2020","12.99","12.52","12.99","12.35","205.50K","1.88%"
"Nov 20, 2020","12.75","12.95","12.95","12.75","34.50K","-1.92%"
"Nov 19, 2020","13.00","13.20","13.20","12.85","142.50K","0.00%"
"Nov 18, 2020","13.00","13.10","13.15","12.85","287.00K","-0.61%"
"Nov 17, 2020","13.08","13.50","13.50","12.95","460.50K","-1.65%"
"Nov 16, 2020","13.30","13.35","13.45","13.25","111.00K","-0.52%"
"Nov 13, 2020","13.37","13.32","13.45","13.28","137.50K","-0.22%"
"Nov 12, 2020","13.40","14.00","14.00","13.37","265.00K","-2.19%"
"Nov 11, 2020","13.70","14.00","14.00","13.70","139.00K","-1.44%"
"Nov 10, 2020","13.90","14.38","14.38","13.80","959.50K","-0.43%"
"Nov 09, 2020","13.96","14.05","14.30","13.61","268.00K","-0.29%"
"Nov 06, 2020","14.00","14.35","14.35","14.00","1.80M","-2.10%"
"Nov 05, 2020","14.30","14.20","14.44","14.10","341.50K","1.42%"
"Nov 04, 2020","14.10","14.45","14.45","14.00","126.00K","-1.05%"
"Nov 03, 2020","14.25","14.20","14.30","13.42","390.00K","4.40%"
"Nov 02, 2020","13.65","14.10","14.10","13.25","545.00K","-4.55%"
"Oct 29, 2020","14.30","14.60","14.69","14.00","466.50K","-3.12%"
"Oct 28, 2020","14.76","14.85","15.30","14.75","1.73M","0.07%"
"Oct 27, 2020","14.75","15.00","15.00","14.75","326.00K","-2.64%"
"Oct 26, 2020","15.15","14.99","15.30","14.80","1.34M","2.36%"
"Oct 23, 2020","14.80","14.78","14.99","14.65","303.50K","-1.20%"
"Oct 22, 2020","14.98","14.95","15.00","14.50","827.50K","0.94%"
"Oct 21, 2020","14.84","14.85","15.12","14.77","1.39M","1.30%"
"Oct 20, 2020","14.65","14.32","14.80","14.32","277.00K","2.09%"
"Oct 19, 2020","14.35","14.50","14.75","14.35","195.50K","-0.97%"
"Oct 16, 2020","14.49","14.50","14.59","14.25","72.50K","-0.96%"
"Oct 15, 2020","14.63","14.60","14.85","14.50","120.00K","0.00%"
"Oct 14, 2020","14.63","14.55","14.64","14.20","268.50K","1.11%"
"Oct 13, 2020","14.47","14.55","14.69","14.07","328.00K","-0.55%"
"Oct 12, 2020","14.55","15.09","15.10","14.50","513.00K","-2.55%"
"Oct 09, 2020","14.93","15.15","15.40","14.90","699.00K","-0.47%"
"Oct 08, 2020","15.00","15.65","15.94","14.60","2.50M","-2.91%"
"Oct 07, 2020","15.45","15.15","15.75","14.95","1.12M","2.32%"
"Oct 06, 2020","15.10","14.75","15.38","14.62","1.59M","2.03%"
"Oct 05, 2020","14.80","16.20","16.20","14.80","1.45M","-6.80%"
"Oct 02, 2020","15.88","16.83","16.97","15.80","1.27M","-3.64%"
"Oct 01, 2020","16.48","16.49","17.10","16.10","1.51M","-0.18%"
"Sep 30, 2020","16.51","15.99","16.99","15.99","5.95M","4.36%"
"Sep 29, 2020","15.82","14.50","15.82","14.50","1.00M","6.46%"
"Sep 28, 2020","14.86","15.80","15.80","14.52","604.50K","-4.25%"
"Sep 25, 2020","15.52","16.00","16.35","15.50","573.00K","-1.34%"
"Sep 24, 2020","15.73","15.65","16.04","15.50","693.00K","-0.13%"
"Sep 23, 2020","15.75","16.35","16.45","15.75","805.50K","-1.56%"
"Sep 22, 2020","16.00","16.50","16.75","15.92","3.50M","-3.03%"
"Sep 21, 2020","16.50","16.50","17.50","16.15","10.39M","0.55%"
"Sep 18, 2020","16.41","15.90","16.64","15.50","3.22M","5.19%"
"Sep 17, 2020","15.60","15.31","16.16","15.31","1.05M","1.96%"
"Sep 16, 2020","15.30","15.30","15.45","14.90","787.50K","0.00%"
"Sep 15, 2020","15.30","15.52","15.82","15.30","1.20M","-1.92%"
"Sep 14, 2020","15.60","15.61","16.00","15.25","2.36M","0.58%"
"Sep 11, 2020","15.51","16.28","16.28","15.50","577.50K","-3.06%"
"Sep 10, 2020","16.00","15.90","16.35","15.90","771.00K","1.27%"
"Sep 09, 2020","15.80","15.68","16.30","15.65","2.13M","0.25%"
"Sep 08, 2020","15.76","16.50","16.65","15.65","2.23M","-3.43%"
"Sep 07, 2020","16.32","16.00","16.75","15.99","3.66M","2.64%"
"Sep 04, 2020","15.90","14.80","16.04","14.60","5.29M","6.71%"
"Sep 03, 2020","14.90","14.73","15.40","14.70","4.93M","2.62%"
"Sep 02, 2020","14.52","13.64","14.52","13.60","4.10M","7.80%"
"Sep 01, 2020","13.47","13.69","13.69","13.36","1.02M","-0.88%"
"Aug 31, 2020","13.59","13.69","13.75","13.41","680.00K","0.52%"
"Aug 28, 2020","13.52","13.70","13.70","13.50","84.00K","-0.22%"
"Aug 27, 2020","13.55","13.65","13.75","13.51","366.50K","0.37%"
"Aug 26, 2020","13.50","13.60","13.64","13.42","442.50K","-0.44%"
"Aug 25, 2020","13.56","13.40","13.60","13.25","575.50K","2.34%"
"Aug 24, 2020","13.25","13.40","13.40","13.00","1.22M","-3.64%"
"Aug 21, 2020","13.75","13.20","13.75","12.90","256.50K","4.96%"
"Aug 20, 2020","13.10","13.40","13.40","13.00","328.50K","-1.50%"
"Aug 19, 2020","13.30","13.80","13.80","13.30","577.50K","-2.78%"
"Aug 18, 2020","13.68","13.66","13.80","13.55","220.00K","0.51%"
"Aug 17, 2020","13.61","13.70","13.94","13.61","795.50K","-1.02%"
"Aug 13, 2020","13.75","14.10","14.20","13.60","796.00K","-1.43%"
"Aug 12, 2020","13.95","14.30","14.39","13.85","1.62M","-2.11%"
"Aug 11, 2020","14.25","14.05","14.45","13.92","1.50M","1.06%"
"Aug 10, 2020","14.10","14.00","14.30","13.90","1.63M","0.64%"
"Aug 07, 2020","14.01","14.29","14.60","13.95","1.50M","-0.64%"
"Aug 06, 2020","14.10","14.30","14.50","13.75","4.02M","0.64%"
"Aug 05, 2020","14.01","13.70","14.40","13.60","11.11M","4.55%"
"Aug 04, 2020","13.40","13.19","13.40","12.90","8.26M","8.06%"
"Aug 03, 2020","12.40","11.40","12.40","11.40","2.76M","9.25%"
"Jul 30, 2020","11.35","11.40","11.50","11.06","351.50K","0.35%"
"Jul 29, 2020","11.31","11.50","11.75","11.30","403.50K","-1.39%"
"Jul 28, 2020","11.47","11.49","11.50","11.35","693.50K","1.06%"
"Jul 27, 2020","11.35","11.08","11.45","11.02","451.00K","2.62%"
"Jul 24, 2020","11.06","11.12","11.30","11.05","280.00K","-0.54%"
"Jul 23, 2020","11.12","11.40","11.50","11.05","316.50K","-2.03%"
"Jul 22, 2020","11.35","11.43","11.95","11.30","1.08M","-0.87%"
"Jul 21, 2020","11.45","11.58","11.60","11.20","328.00K","-1.97%"
"Jul 20, 2020","11.68","11.05","11.80","11.05","1.15M","5.23%"
"Jul 17, 2020","11.10","10.95","11.25","10.86","320.00K","2.12%"
"Jul 16, 2020","10.87","10.91","10.99","10.80","131.50K","-0.28%"
"Jul 15, 2020","10.90","11.20","11.29","10.90","344.50K","-3.11%"
"Jul 14, 2020","11.25","10.75","11.35","10.75","1.33M","5.14%"
"Jul 13, 2020","10.70","10.75","11.04","10.70","1.69M","1.42%"
"Jul 10, 2020","10.55","10.77","10.90","10.50","550.00K","-1.86%"
"Jul 09, 2020","10.75","10.61","10.89","10.58","706.50K","1.42%"
"Jul 08, 2020","10.60","10.62","10.90","10.43","722.50K","-0.47%"
"Jul 07, 2020","10.65","10.19","10.90","10.05","1.69M","6.50%"
"Jul 06, 2020","10.00","10.11","10.25","9.98","753.50K","0.00%"
"Jul 03, 2020","10.00","9.85","10.20","9.85","1.24M","2.56%"
"Jul 02, 2020","9.75","9.99","9.99","9.73","692.50K","-1.42%"
"Jul 01, 2020","9.89","9.94","9.95","9.82","222.50K","0.41%"
"Jun 30, 2020","9.85","10.01","10.03","9.85","232.50K","-1.50%"
"Jun 29, 2020","10.00","9.66","10.03","9.66","2.17M","4.06%"
"Jun 26, 2020","9.61","10.00","10.00","9.55","2.11M","-2.44%"
"Jun 25, 2020","9.85","9.91","9.94","9.85","69.00K","-0.51%"
"Jun 24, 2020","9.90","9.85","10.00","9.85","61.00K","-0.10%"
"Jun 23, 2020","9.91","10.00","10.00","9.91","19.50K","0.10%"
"Jun 22, 2020","9.90","9.99","10.10","9.85","84.50K","-1.10%"
"Jun 19, 2020","10.01","10.04","10.19","10.00","47.00K","-0.60%"
"Jun 18, 2020","10.07","10.25","10.45","10.01","94.50K","-2.71%"
"Jun 17, 2020","10.35","10.25","10.50","10.15","574.00K","0.68%"
"Jun 16, 2020","10.28","10.01","10.38","10.00","285.50K","3.11%"
"Jun 15, 2020","9.97","10.15","10.15","9.95","334.00K","-1.29%"
"Jun 12, 2020","10.10","10.05","10.20","10.05","58.50K","-0.98%"
"Jun 11, 2020","10.20","10.51","10.70","10.20","317.50K","-2.86%"
"Jun 10, 2020","10.50","10.70","10.70","10.41","899.00K","0.00%"
"Jun 09, 2020","10.50","10.89","10.89","10.50","168.50K","-0.47%"
"Jun 08, 2020","10.55","10.73","10.80","10.52","119.50K","0.48%"
"Jun 05, 2020","10.50","10.50","10.61","10.50","223.00K","0.00%"
"Jun 04, 2020","10.50","10.55","10.68","10.40","351.50K","0.00%"
"Jun 03, 2020","10.50","10.60","10.61","10.40","357.00K","-0.19%"
"Jun 02, 2020","10.52","10.38","10.60","10.38","336.50K","1.45%"
"Jun 01, 2020","10.37","10.80","10.85","10.37","208.50K","-3.98%"
"May 29, 2020","10.80","10.10","10.83","10.10","1.46M","8.00%"
"May 28, 2020","10.00","9.90","10.08","9.90","722.50K","0.10%"
"May 21, 2020","9.99","10.00","10.10","9.90","114.50K","-0.10%"
"May 20, 2020","10.00","9.96","10.14","9.96","137.50K","0.00%"
"May 19, 2020","10.00","10.01","10.20","10.00","222.00K","0.00%"
"May 18, 2020","10.00","10.11","10.50","9.95","656.50K","-2.91%"
"May 15, 2020","10.30","10.55","10.55","10.25","427.00K","-1.90%"
"May 14, 2020","10.50","10.10","10.66","10.10","1.49M","5.00%"
"May 13, 2020","10.00","10.09","10.09","10.00","662.00K","-0.50%"
"May 12, 2020","10.05","9.90","10.10","9.63","400.00K","2.55%"
"May 11, 2020","9.80","9.80","9.80","9.70","8.50K","0.00%"
"May 08, 2020","9.80","9.99","9.99","9.80","254.00K","-1.01%"
"May 07, 2020","9.90","9.92","9.93","9.80","168.00K","-1.00%"
"May 06, 2020","10.00","10.21","10.21","9.95","604.50K","-0.99%"
"May 05, 2020","10.10","10.16","10.49","10.10","337.00K","-0.98%"
"May 04, 2020","10.20","9.70","10.24","9.65","556.50K","2.00%"
"Apr 30, 2020","10.00","9.75","10.10","9.75","433.50K","2.56%"
"Apr 29, 2020","9.75","9.60","9.89","9.60","149.00K","1.56%"
"Apr 28, 2020","9.60","9.60","9.62","9.55","326.00K","0.42%"
"Apr 27, 2020","9.56","9.18","9.75","9.18","203.50K","-1.44%"
"Apr 24, 2020","9.70","9.70","9.91","9.51","167.00K","0.52%"
"Apr 23, 2020","9.65","9.68","9.84","9.47","258.00K","0.52%"
"Apr 22, 2020","9.60","9.35","9.80","9.35","249.50K","2.67%"
"Apr 21, 2020","9.35","9.33","9.40","9.15","476.00K","-2.20%"
"Apr 20, 2020","9.56","9.74","9.90","9.50","539.50K","-3.92%"
"Apr 17, 2020","9.95","9.52","10.00","9.50","1.13M","10.56%"
"Apr 16, 2020","9.00","8.91","9.10","8.86","46.50K","0.00%"
"Apr 15, 2020","9.00","9.19","9.45","9.00","455.00K","0.00%"
"Apr 14, 2020","9.00","8.61","9.00","8.50","352.50K","4.53%"
"Apr 13, 2020","8.61","9.00","9.30","8.60","729.00K","-5.90%"
"Apr 10, 2020","9.15","8.90","9.35","8.60","395.00K","3.62%"
"Apr 09, 2020","8.83","8.50","8.95","8.50","877.50K","8.34%"
"Apr 08, 2020","8.15","8.02","8.25","8.00","64.50K","-1.21%"
"Apr 07, 2020","8.25","8.10","8.30","7.93","549.00K","1.85%"
"Apr 06, 2020","8.10","8.89","8.89","8.01","542.50K","-6.36%"
"Apr 03, 2020","8.65","8.48","8.95","8.48","785.50K","3.97%"
"Apr 02, 2020","8.32","7.60","8.40","7.50","804.00K","7.91%"
"Apr 01, 2020","7.71","7.56","7.95","7.56","138.50K","-1.15%"
"Mar 31, 2020","7.80","7.50","7.99","7.37","514.50K","7.29%"
"Mar 30, 2020","7.27","7.65","7.65","7.00","190.00K","-6.19%"
"Mar 27, 2020","7.75","7.20","7.77","7.20","148.00K","9.00%"
"Mar 26, 2020","7.11","7.39","7.50","7.11","153.00K","3.64%"
"Mar 25, 2020","6.86","7.51","7.51","6.81","606.50K","-11.25%"
"Mar 24, 2020","7.73","7.80","7.99","7.66","51.00K","-9.06%"
"Mar 20, 2020","8.50","8.60","8.69","8.32","314.50K","-1.62%"
"Mar 19, 2020","8.64","7.50","8.65","7.37","367.50K","7.73%"
"Mar 18, 2020","8.02","8.51","8.70","7.97","812.50K","-10.89%"
"Mar 17, 2020","9.00","9.05","9.30","8.76","162.00K","-1.53%"
"Mar 16, 2020","9.14","9.30","9.55","9.10","464.00K","-9.50%"
"Mar 13, 2020","10.10","9.26","10.24","9.05","142.00K","4.88%"
"Mar 12, 2020","9.63","10.10","10.10","9.60","770.50K","-6.50%"
"Mar 11, 2020","10.30","10.69","10.75","10.30","323.00K","-1.90%"
"Mar 10, 2020","10.50","10.30","10.70","10.26","434.00K","1.94%"
"Mar 09, 2020","10.30","10.05","10.45","9.84","366.50K","-4.19%"
"Mar 06, 2020","10.75","11.01","11.20","10.75","168.50K","-4.36%"
"Mar 05, 2020","11.24","11.20","11.50","11.11","316.50K","3.59%"
"Mar 04, 2020","10.85","10.75","11.05","10.75","274.00K","-1.99%"
"Mar 03, 2020","11.07","11.00","11.32","10.91","424.50K","0.18%"
"Mar 02, 2020","11.05","10.30","11.05","10.30","423.00K","9.62%"
"Feb 28, 2020","10.08","10.00","10.45","10.00","223.00K","-1.66%"
"Feb 27, 2020","10.25","10.26","10.30","9.75","574.00K","-2.38%"
"Feb 26, 2020","10.50","10.60","10.60","10.40","131.00K","-1.04%"
"Feb 25, 2020","10.61","10.51","10.98","10.51","305.00K","-0.09%"
"Feb 24, 2020","10.62","10.85","10.90","10.62","136.50K","-5.85%"
"Feb 21, 2020","11.28","11.40","11.40","10.99","156.50K","0.36%"
"Feb 20, 2020","11.24","11.05","11.30","11.05","213.00K","0.36%"
"Feb 19, 2020","11.20","10.91","11.30","10.91","301.50K","1.82%"
"Feb 18, 2020","11.00","11.05","11.30","10.62","560.00K","1.48%"
"Feb 17, 2020","10.84","11.18","11.19","10.82","256.00K","-1.45%"
"Feb 14, 2020","11.00","11.10","11.15","10.93","255.50K","-0.90%"
"Feb 13, 2020","11.10","11.20","11.50","11.10","620.50K","0.45%"
"Feb 12, 2020","11.05","11.00","11.34","11.00","481.00K","1.38%"
"Feb 11, 2020","10.90","10.55","11.39","10.55","1.17M","1.40%"
"Feb 10, 2020","10.75","11.25","11.30","10.70","900.00K","-7.73%"
"Feb 07, 2020","11.65","12.29","12.29","11.50","565.50K","-2.92%"
"Feb 06, 2020","12.00","12.40","12.40","12.00","143.50K","-1.23%"
"Feb 04, 2020","12.15","12.48","12.48","12.15","197.50K","0.00%"
"Feb 03, 2020","12.15","12.51","12.51","12.10","562.50K","-3.95%"
"Jan 31, 2020","12.65","13.00","13.05","12.63","431.50K","-1.94%"
"Jan 30, 2020","12.90","12.90","13.00","12.76","262.50K","0.39%"
"Jan 29, 2020","12.85","13.00","13.09","12.85","66.50K","-0.93%"
"Jan 28, 2020","12.97","12.97","13.10","12.75","400.50K","-0.84%"
"Jan 27, 2020","13.08","13.20","13.40","13.05","217.50K","-0.38%"
"Jan 24, 2020","13.13","13.07","13.23","12.89","239.00K","0.54%"
"Jan 23, 2020","13.06","13.20","13.42","13.00","396.00K","0.08%"
"Jan 22, 2020","13.05","13.30","13.49","13.00","311.50K","-1.88%"
"Jan 21, 2020","13.30","13.13","13.35","12.90","684.50K","1.60%"
"Jan 20, 2020","13.09","13.64","13.64","12.96","657.50K","-1.95%"
"Jan 17, 2020","13.35","13.55","13.85","13.35","770.50K","-1.48%"
"Jan 16, 2020","13.55","13.49","14.00","13.40","3.04M","1.73%"
"Jan 15, 2020","13.32","13.60","13.75","13.30","253.50K","-2.27%"
"Jan 14, 2020","13.63","14.00","14.10","13.59","1.13M","-1.37%"
"Jan 13, 2020","13.82","13.61","14.40","13.61","1.83M","-1.29%"
"Jan 10, 2020","14.00","13.11","14.19","13.05","5.22M","5.26%"
"Jan 09, 2020","13.30","13.00","13.39","12.96","2.15M","6.74%"
"Jan 08, 2020","12.46","13.03","13.03","12.30","1.04M","-5.32%"
"Jan 07, 2020","13.16","13.05","13.25","12.80","933.50K","3.13%"
"Jan 06, 2020","12.76","13.41","13.41","12.76","1.82M","-7.20%"
"Jan 03, 2020","13.75","14.35","14.35","13.70","1.53M","-1.86%"
"Jan 02, 2020","14.01","13.59","14.11","13.35","3.23M","6.14%"
"Jan 01, 2020","13.20","12.69","13.48","12.60","989.50K","5.60%"
"Dec 31, 2019","12.50","12.41","12.60","12.21","169.00K","0.00%"
"Dec 30, 2019","12.50","12.45","12.60","12.30","372.00K","2.04%"
"Dec 27, 2019","12.25","12.70","12.80","12.22","349.00K","-2.78%"
"Dec 26, 2019","12.60","12.29","12.88","12.29","1.08M","2.02%"
"Dec 24, 2019","12.35","12.15","12.39","11.80","246.00K","2.49%"
"Dec 23, 2019","12.05","12.26","12.40","12.00","545.00K","-5.12%"
"Dec 20, 2019","12.70","12.69","12.79","12.25","596.00K","1.76%"
"Dec 19, 2019","12.48","13.05","13.10","12.16","815.50K","-5.02%"
"Dec 18, 2019","13.14","13.31","13.37","13.00","1.20M","-2.38%"
"Dec 17, 2019","13.46","14.00","14.10","13.20","1.37M","-2.46%"
"Dec 16, 2019","13.80","13.85","14.30","13.80","1.64M","-1.43%"
"Dec 13, 2019","14.00","13.82","14.25","13.81","1.52M","1.45%"
"Dec 12, 2019","13.80","13.05","14.10","12.82","1.22M","4.78%"
"Dec 11, 2019","13.17","13.74","13.79","13.10","510.50K","-3.80%"
"Dec 10, 2019","13.69","13.70","13.75","13.45","833.50K","0.07%"
"Dec 09, 2019","13.68","14.07","14.15","13.51","966.50K","-2.15%"
"Dec 06, 2019","13.98","14.40","14.40","13.91","1.63M","-1.34%"
"Dec 05, 2019","14.17","14.33","14.47","14.10","6.28M","0.85%"
"Dec 04, 2019","14.05","14.00","14.50","13.66","5.55M","0.36%"
"Dec 03, 2019","14.00","14.69","14.69","13.82","4.02M","2.26%"
"Dec 02, 2019","13.69","13.50","13.69","13.45","810.00K","7.80%"
"Nov 29, 2019","12.70","12.58","13.20","12.20","4.40M","2.25%"
"Nov 28, 2019","12.42","11.65","12.56","11.60","4.08M","7.07%"
"Nov 27, 2019","11.60","11.52","11.80","11.35","1.04M","-0.43%"
"Nov 26, 2019","11.65","12.21","12.50","11.26","5.12M","-3.72%"
"Nov 25, 2019","12.10","12.25","12.99","11.95","10.01M","-1.06%"
"Nov 22, 2019","12.23","11.49","12.24","11.23","2.68M","7.47%"
"Nov 21, 2019","11.38","11.90","12.47","11.15","3.96M","-5.17%"
"Nov 20, 2019","12.00","12.01","12.72","11.81","4.53M","1.69%"
"Nov 19, 2019","11.80","11.05","11.80","10.55","5.16M","9.26%"
"Nov 18, 2019","10.80","10.65","11.25","10.64","2.75M","3.75%"
"Nov 15, 2019","10.41","9.70","10.64","9.70","3.44M","7.32%"
"Nov 14, 2019","9.70","9.60","9.94","9.60","1.19M","1.57%"
"Nov 13, 2019","9.55","9.74","9.80","9.51","448.50K","-1.34%"
"Nov 12, 2019","9.68","10.00","10.00","9.60","752.00K","-1.43%"
"Nov 11, 2019","9.82","9.84","9.85","9.62","504.00K","2.29%"
"Nov 08, 2019","9.60","9.51","9.84","9.49","1.93M","1.05%"
"Nov 07, 2019","9.50","9.20","9.66","9.05","638.50K","2.15%"
"Nov 06, 2019","9.30","9.08","9.35","8.92","1.07M","3.33%"
"Nov 05, 2019","9.00","9.00","9.14","8.92","436.00K","0.56%"
"Nov 04, 2019","8.95","8.80","9.08","8.80","257.50K","1.70%"
"Nov 01, 2019","8.80","8.80","8.98","8.70","217.00K","0.00%"
"Oct 31, 2019","8.80","8.80","8.85","8.70","107.50K","1.73%"
"Oct 30, 2019","8.65","8.62","8.77","8.62","104.50K","1.17%"
"Oct 29, 2019","8.55","8.65","8.75","8.51","137.00K","-1.50%"
"Oct 28, 2019","8.68","8.65","8.93","8.55","191.50K","0.35%"
"Oct 25, 2019","8.65","8.60","9.11","8.53","122.00K","1.65%"
"Oct 24, 2019","8.51","8.49","8.55","8.41","64.50K","2.28%"
"Oct 23, 2019","8.32","8.44","8.65","8.32","124.50K","0.85%"
"Oct 22, 2019","8.25","8.41","8.60","8.24","892.00K","-2.37%"
"Oct 21, 2019","8.45","8.91","8.95","8.45","446.00K","-5.38%"
"Oct 18, 2019","8.93","9.01","9.25","8.91","85.50K","-1.87%"
"Oct 17, 2019","9.10","9.30","9.30","8.95","232.50K","-2.36%"
"Oct 16, 2019","9.32","9.25","9.65","9.25","235.50K","-0.21%"
"Oct 15, 2019","9.34","9.30","9.35","9.05","167.50K","2.64%"
"Oct 14, 2019","9.10","9.98","9.98","9.01","642.50K","-7.33%"
"Oct 11, 2019","9.82","10.00","10.38","9.75","1.42M","-0.81%"
"Oct 10, 2019","9.90","9.22","9.96","9.21","1.06M","6.45%"
"Oct 09, 2019","9.30","9.29","9.39","9.20","259.50K","1.09%"
"Oct 08, 2019","9.20","9.79","9.80","9.20","406.00K","-3.66%"
"Oct 07, 2019","9.55","9.20","10.14","9.15","1.97M","2.80%"
"Oct 04, 2019","9.29","9.13","9.40","9.07","293.50K","1.42%"
"Oct 03, 2019","9.16","9.15","9.45","9.00","1.50M","-0.43%"
"Oct 02, 2019","9.20","8.66","9.20","8.50","1.58M","5.87%"
"Oct 01, 2019","8.69","8.54","8.69","8.41","126.50K","3.82%"
"Sep 30, 2019","8.37","8.69","8.85","8.37","130.00K","-2.45%"
"Sep 27, 2019","8.58","8.42","8.60","8.42","40.50K","2.51%"
"Sep 26, 2019","8.37","8.36","8.47","8.35","88.50K","-0.36%"
"Sep 25, 2019","8.40","8.45","8.50","8.36","146.50K","-1.87%"
"Sep 24, 2019","8.56","8.50","8.60","8.40","178.00K","0.12%"
"Sep 23, 2019","8.55","8.66","8.80","8.41","187.00K","-1.95%"
"Sep 20, 2019","8.72","9.10","9.28","8.70","155.50K","-2.90%"
"Sep 19, 2019","8.98","8.57","9.23","8.50","1.47M","5.28%"
"Sep 18, 2019","8.53","8.41","8.55","8.40","84.50K","0.95%"
"Sep 17, 2019","8.45","8.50","8.60","8.35","287.00K","0.36%"
"Sep 16, 2019","8.42","8.45","8.63","8.33","393.00K","-1.41%"
"Sep 13, 2019","8.54","8.47","8.63","8.40","301.50K","0.47%"
"Sep 12, 2019","8.50","8.40","8.95","8.25","596.50K","0.83%"
"Sep 11, 2019","8.43","8.79","8.79","8.21","111.50K","0.00%"
"Sep 06, 2019","8.43","8.75","8.75","8.31","361.50K","-3.10%"
"Sep 05, 2019","8.70","9.02","9.14","8.67","485.00K","-4.92%"
"Sep 04, 2019","9.15","9.03","9.25","8.61","563.00K","2.23%"
"Sep 03, 2019","8.95","9.25","9.33","8.95","198.50K","-3.76%"
"Sep 02, 2019","9.30","9.19","9.35","8.99","706.00K","4.38%"
"Aug 30, 2019","8.91","9.30","9.35","8.80","1.17M","-0.45%"
"Aug 29, 2019","8.95","9.76","9.76","8.95","3.66M","-8.39%"
"Aug 28, 2019","9.77","10.51","11.10","9.77","5.15M","-4.96%"
"Aug 27, 2019","10.28","10.28","10.28","10.28","1.61M","-8.87%"
"Aug 26, 2019","11.28","12.28","12.79","11.28","916.50K","-8.14%"
"Aug 23, 2019","12.28","11.50","12.28","11.40","973.50K","8.87%"
"Aug 22, 2019","11.28","10.48","11.28","10.43","1.01M","9.20%"
"Aug 21, 2019","10.33","10.35","10.50","10.20","261.50K","0.49%"
"Aug 20, 2019","10.28","10.35","10.50","10.25","200.50K","-0.19%"
"Aug 19, 2019","10.30","10.25","10.30","10.02","45.50K","1.98%"
"Aug 16, 2019","10.10","10.00","10.49","9.95","892.50K","-1.85%"
"Aug 09, 2019","10.29","10.56","10.56","9.91","288.50K","-0.58%"
"Aug 08, 2019","10.35","10.75","10.75","10.20","649.00K","-6.76%"
"Aug 07, 2019","11.10","11.30","11.30","11.00","80.50K","-2.12%"
"Aug 06, 2019","11.34","11.30","11.50","11.22","44.00K","-2.24%"
"Aug 05, 2019","11.60","11.62","11.71","11.20","34.50K","-1.28%"
"Aug 02, 2019","11.75","11.99","12.15","11.31","1.33M","-2.73%"
"Aug 01, 2019","12.08","12.19","12.19","12.00","6.50K","-0.82%"
"Jul 31, 2019","12.18","11.98","12.19","11.50","263.50K","1.58%"
"Jul 30, 2019","11.99","11.00","11.99","10.65","958.50K","8.12%"
"Jul 29, 2019","11.09","12.24","12.24","11.09","45.00K","-8.27%"
"Jul 26, 2019","12.09","12.07","12.30","12.07","1.50K","0.42%"
"Jul 25, 2019","12.04","11.62","12.04","11.62","8.00K","1.18%"
"Jul 24, 2019","11.90","11.99","11.99","11.66","5.00K","-0.58%"
"Jul 23, 2019","11.97","11.60","11.97","11.60","506.00K","-0.25%"
"Jul 22, 2019","12.00","11.50","12.00","11.50","535.50K","0.93%"
"Jul 19, 2019","11.89","11.62","11.95","11.45","510.50K","2.85%"
"Jul 18, 2019","11.56","12.23","12.23","11.50","41.00K","-2.03%"
"Jul 17, 2019","11.80","11.99","12.10","11.65","45.00K","0.94%"
"Jul 16, 2019","11.69","10.81","11.70","10.81","1.09M","1.21%"
"Jul 15, 2019","11.55","12.98","12.98","11.55","38.50K","-7.45%"
"Jul 12, 2019","12.48","12.50","12.53","12.25","32.00K","-1.73%"
"Jul 11, 2019","12.70","12.50","12.70","12.50","3.50K","0.79%"
"Jul 10, 2019","12.60","12.70","12.75","12.55","71.00K","-0.40%"
"Jul 09, 2019","12.65","12.75","12.95","12.50","92.00K","0.00%"
"Jul 08, 2019","12.65","12.60","12.65","12.50","29.50K","-0.78%"
"Jul 05, 2019","12.75","12.75","12.78","12.52","29.50K","-0.39%"
"Jul 04, 2019","12.80","13.05","13.05","12.76","88.00K","-1.23%"
"Jul 03, 2019","12.96","12.90","13.39","12.90","551.50K","0.08%"
"Jul 02, 2019","12.95","12.95","13.08","12.90","100.00K","0.39%"
"Jul 01, 2019","12.90","13.00","13.10","12.85","81.00K","-0.77%"
"Jun 28, 2019","13.00","12.81","13.00","12.80","60.00K","0.00%"
"Jun 27, 2019","13.00","13.19","13.19","12.90","29.00K","1.17%"
"Jun 26, 2019","12.85","13.26","13.25","12.85","109.50K","-6.88%"
"Jun 25, 2019","13.80","13.40","13.84","13.00","196.00K","5.50%"
"Jun 24, 2019","13.08","14.35","14.39","12.97","218.00K","-6.24%"
"Jun 21, 2019","13.95","14.43","14.43","13.95","164.00K","-4.45%"
"Jun 20, 2019","14.60","14.74","14.74","14.00","211.50K","1.39%"
"Jun 19, 2019","14.40","14.41","14.79","14.35","95.00K","0.00%"
"Jun 18, 2019","14.40","15.00","15.12","14.40","409.50K","-6.80%"
"Jun 17, 2019","15.45","15.50","15.50","15.28","2.50K","-0.32%"
"Jun 14, 2019","15.50","15.36","15.50","15.30","18.00K","-0.96%"
"Jun 13, 2019","15.65","15.75","15.75","15.32","51.50K","-0.25%"
"Jun 12, 2019","15.69","15.21","15.69","15.20","34.00K","-0.19%"
"Jun 11, 2019","15.72","16.00","16.00","15.72","12.00K","1.42%"
"Jun 10, 2019","15.50","15.15","15.75","15.00","72.00K","-1.59%"
"Jun 03, 2019","15.75","15.11","15.79","15.11","13.00K","-1.25%"
"May 30, 2019","15.95","16.00","16.00","15.86","19.50K","-0.31%"
"May 29, 2019","16.00","16.10","16.10","16.00","168.00K","0.00%"
"May 28, 2019","16.00","16.25","16.25","15.90","214.00K","-0.62%"
"May 27, 2019","16.10","16.00","16.25","16.00","43.00K","0.00%"
"May 24, 2019","16.10","16.01","16.15","16.00","247.00K","-2.42%"
"May 23, 2019","16.50","16.25","16.50","15.53","819.50K","1.85%"
"May 22, 2019","16.20","15.90","16.24","15.84","415.00K","4.52%"
"May 21, 2019","15.50","15.50","15.89","15.06","63.00K","-3.13%"
"May 20, 2019","16.00","15.50","16.00","15.00","506.00K","3.23%"
"May 17, 2019","15.50","15.01","16.00","14.99","2.28M","0.52%"
"May 16, 2019","15.42","14.51","15.55","14.35","4.15M","2.80%"
"May 15, 2019","15.00","15.40","15.40","14.02","676.50K","0.00%"
"May 14, 2019","15.00","15.74","15.74","14.60","178.00K","-2.91%"
"May 13, 2019","15.45","15.50","15.60","15.13","56.50K","-4.04%"
"May 10, 2019","16.10","16.10","16.10","16.10","0.50K","1.26%"
"May 09, 2019","15.90","15.99","15.90","15.55","21.50K","-0.63%"
"May 08, 2019","16.00","16.00","16.00","16.00","1.71M","-0.06%"
"May 07, 2019","16.01","16.00","16.20","15.91","55.00K","0.06%"
"May 06, 2019","16.00","16.00","16.00","16.00","69.50K","0.00%"
"May 03, 2019","16.00","16.00","16.10","15.70","633.50K","-0.93%"
"May 02, 2019","16.15","15.97","16.15","15.95","186.50K","0.69%"
"Apr 30, 2019","16.04","15.69","16.04","15.68","850.00K","1.13%"
"Apr 29, 2019","15.86","15.79","15.86","15.60","4.50K","1.47%"
"Apr 26, 2019","15.63","15.52","15.80","15.52","60.50K","-0.51%"
"Apr 25, 2019","15.71","15.69","15.75","15.60","262.00K","-0.57%"
"Apr 24, 2019","15.80","15.40","15.80","15.40","178.50K","1.61%"
"Apr 23, 2019","15.55","15.60","15.74","15.50","531.00K","-0.51%"
"Apr 22, 2019","15.63","15.60","15.95","15.60","78.50K","0.19%"
"Apr 19, 2019","15.60","15.41","16.00","15.40","176.00K","0.00%"
"Apr 18, 2019","15.60","15.50","15.60","15.50","507.50K","1.23%"
"Apr 17, 2019","15.41","15.81","15.81","15.41","35.00K","-3.69%"
"Apr 16, 2019","16.00","15.85","16.00","15.80","37.00K","0.63%"
"Apr 15, 2019","15.90","15.85","15.91","15.85","29.50K","0.00%"
"Apr 12, 2019","15.90","15.64","16.39","15.30","89.00K","2.58%"
"Apr 11, 2019","15.50","15.00","15.55","15.11","1.03M","1.57%"
"Apr 10, 2019","15.26","15.60","15.60","15.00","383.50K","-1.23%"
"Apr 09, 2019","15.45","15.25","15.60","15.00","298.50K","1.58%"
"Apr 08, 2019","15.21","15.39","15.39","14.80","380.00K","0.33%"
"Apr 05, 2019","15.16","14.55","15.49","14.55","93.00K","1.00%"
"Apr 04, 2019","15.01","15.80","15.99","15.00","124.00K","-7.35%"
"Apr 03, 2019","16.20","15.90","16.20","15.61","88.00K","3.18%"
"Apr 02, 2019","15.70","15.95","16.00","15.70","102.00K","-0.95%"
"Apr 01, 2019","15.85","16.50","16.64","15.85","60.00K","-3.47%"
"Mar 29, 2019","16.42","16.50","16.55","16.41","23.50K","-0.18%"
"Mar 28, 2019","16.45","17.60","17.60","16.45","164.50K","-2.49%"
"Mar 27, 2019","16.87","17.19","17.50","16.86","341.50K","-0.82%"
"Mar 26, 2019","17.01","15.75","17.01","15.75","553.00K","6.31%"
"Mar 25, 2019","16.00","16.21","16.26","16.00","73.50K","-2.50%"
"Mar 22, 2019","16.41","16.45","16.50","16.20","340.00K","1.30%"
"Mar 21, 2019","16.20","16.54","16.55","15.91","66.50K","-0.80%"
"Mar 20, 2019","16.33","16.31","16.33","16.20","29.00K","-1.03%"
"Mar 19, 2019","16.50","16.42","16.79","16.10","293.50K","-0.90%"
"Mar 18, 2019","16.65","16.50","16.84","16.00","322.00K","-0.66%"
"Mar 15, 2019","16.76","17.75","17.51","16.76","466.00K","-5.58%"
"Mar 14, 2019","17.75","18.10","18.14","17.75","752.50K","-2.74%"
"Mar 13, 2019","18.25","18.50","18.56","18.20","926.50K","0.00%"
"Mar 12, 2019","18.25","18.70","18.70","18.21","1.45M","-1.40%"
"Mar 11, 2019","18.51","18.50","19.05","18.30","1.96M","1.65%"
"Mar 08, 2019","18.21","17.48","18.21","17.20","6.62M","5.81%"
"Mar 07, 2019","17.21","17.21","17.21","17.21","211.50K","6.17%"
"Mar 06, 2019","16.21","16.21","16.21","16.21","135.50K","6.57%"
"Mar 05, 2019","15.21","15.21","15.21","15.21","97.00K","7.04%"
"Mar 04, 2019","14.21","14.21","14.21","14.21","54.50K","7.65%"
"Mar 01, 2019","13.20","13.34","13.44","13.15","375.00K","0.00%"
"Feb 28, 2019","13.20","13.45","13.50","13.00","383.00K","1.54%"
"Feb 27, 2019","13.00","13.30","13.40","12.57","593.00K","-3.70%"
"Feb 26, 2019","13.50","13.92","13.97","13.50","72.00K","-4.59%"
"Feb 25, 2019","14.15","14.45","14.45","14.00","9.00K","-0.35%"
"Feb 22, 2019","14.20","14.20","14.20","13.91","78.50K","-0.35%"
"Feb 21, 2019","14.25","14.39","14.39","14.12","12.00K","-0.07%"
"Feb 20, 2019","14.26","13.70","14.26","13.70","49.00K","-0.97%"
"Feb 19, 2019","14.40","14.25","14.40","14.06","12.50K","-0.28%"
"Feb 18, 2019","14.44","14.51","14.53","14.26","71.50K","-1.77%"
"Feb 15, 2019","14.70","14.70","14.70","14.53","14.50K","0.00%"
"Feb 14, 2019","14.70","14.81","14.81","14.52","137.00K","-0.07%"
"Feb 13, 2019","14.71","14.96","15.00","14.71","119.50K","-1.28%"
"Feb 12, 2019","14.90","14.89","15.00","14.55","35.50K","0.07%"
"Feb 11, 2019","14.89","14.96","14.96","14.53","17.00K","-1.26%"
"Feb 08, 2019","15.08","15.34","15.34","14.75","51.00K","0.80%"
"Feb 07, 2019","14.96","15.26","15.26","14.96","158.00K","-2.22%"
"Feb 06, 2019","15.30","15.50","15.50","15.30","128.50K","-0.97%"
"Feb 04, 2019","15.45","15.60","15.65","15.45","280.50K","-0.32%"
"Feb 01, 2019","15.50","15.50","15.69","15.25","257.00K","0.45%"
"Jan 31, 2019","15.43","15.50","15.50","15.27","267.00K","1.05%"
"Jan 30, 2019","15.27","15.30","15.40","15.25","54.50K","-0.26%"
"Jan 29, 2019","15.31","15.50","15.55","15.31","106.00K","-0.91%"
"Jan 28, 2019","15.45","15.50","15.70","15.43","300.50K","-0.32%"
"Jan 25, 2019","15.50","15.50","16.20","15.40","1.10M","0.98%"
"Jan 24, 2019","15.35","15.50","15.73","15.25","619.50K","0.99%"
"Jan 23, 2019","15.20","15.14","15.40","14.90","562.50K","1.67%"
"Jan 22, 2019","14.95","15.00","15.00","14.75","100.50K","0.34%"
"Jan 21, 2019","14.90","14.70","15.22","14.70","409.00K","3.47%"
"Jan 18, 2019","14.40","14.55","14.63","14.40","21.50K","-0.69%"
"Jan 17, 2019","14.50","14.30","14.50","14.30","38.00K","0.69%"
"Jan 16, 2019","14.40","14.25","14.75","14.25","29.50K","0.35%"
"Jan 15, 2019","14.35","14.60","14.61","14.35","143.50K","-1.51%"
"Jan 14, 2019","14.57","14.74","14.74","14.50","75.00K","0.55%"
"Jan 11, 2019","14.49","14.80","14.80","14.26","58.50K","-0.07%"
"Jan 10, 2019","14.50","14.16","14.55","14.16","77.50K","0.69%"
"Jan 09, 2019","14.40","14.70","14.70","14.35","84.00K","-2.64%"
"Jan 08, 2019","14.79","14.18","14.85","14.25","252.00K","3.14%"
"Jan 07, 2019","14.34","14.25","14.45","14.16","145.50K","2.43%"
"Jan 04, 2019","14.00","13.99","14.19","13.84","770.50K","3.70%"
"Jan 03, 2019","13.50","13.47","13.65","13.46","4.50K","-0.15%"
"Jan 02, 2019","13.52","13.67","13.90","13.52","64.50K","-3.08%"
"Jan 01, 2019","13.95","13.47","13.95","13.74","59.50K","2.80%"
"Dec 31, 2018","13.57","13.85","13.90","13.41","178.50K","-2.37%"
"Dec 28, 2018","13.90","13.53","13.90","13.10","321.50K","2.58%"
"Dec 27, 2018","13.55","14.10","14.30","13.55","363.50K","-3.56%"
"Dec 26, 2018","14.05","14.25","14.35","14.01","173.50K","-2.29%"
"Dec 24, 2018","14.38","14.00","14.39","14.00","31.00K","2.64%"
"Dec 21, 2018","14.01","14.07","14.49","14.00","223.50K","-0.36%"
"Dec 20, 2018","14.06","14.25","14.49","14.06","168.50K","-1.68%"
"Dec 19, 2018","14.30","14.27","14.47","14.00","543.50K","2.88%"
"Dec 18, 2018","13.90","13.77","14.02","13.77","56.50K","-1.42%"
"Dec 17, 2018","14.10","14.00","14.37","14.00","63.00K","0.00%"
"Dec 14, 2018","14.10","14.20","14.30","13.82","685.50K","2.40%"
"Dec 13, 2018","13.77","14.38","14.38","13.77","85.00K","-2.69%"
"Dec 12, 2018","14.15","14.70","14.70","14.00","354.00K","-3.74%"
"Dec 11, 2018","14.70","15.35","15.00","14.70","103.00K","-2.00%"
"Dec 10, 2018","15.00","15.20","15.50","14.80","194.50K","0.33%"
"Dec 07, 2018","14.95","14.70","15.00","14.70","129.50K","1.70%"
"Dec 06, 2018","14.70","15.00","15.00","14.70","177.50K","-1.08%"
"Dec 05, 2018","14.86","15.00","15.40","14.72","236.50K","-0.93%"
"Dec 04, 2018","15.00","14.61","15.40","14.61","510.50K","-2.72%"
"Dec 03, 2018","15.42","16.00","16.00","15.42","384.00K","-5.98%"
"Nov 30, 2018","16.40","16.27","16.55","16.16","72.00K","-0.91%"
"Nov 29, 2018","16.55","16.57","16.65","16.55","17.50K","0.30%"
"Nov 28, 2018","16.50","17.00","17.05","16.50","957.50K","-2.54%"
"Nov 27, 2018","16.93","16.99","17.05","16.70","155.00K","0.18%"
"Nov 26, 2018","16.90","17.35","17.35","16.90","210.50K","-2.03%"
"Nov 23, 2018","17.25","17.31","17.50","17.12","89.00K","-0.58%"
"Nov 22, 2018","17.35","17.80","17.98","17.33","187.50K","-2.64%"
"Nov 20, 2018","17.82","18.50","18.50","17.70","650.00K","-2.09%"
"Nov 19, 2018","18.20","18.00","18.81","17.80","1.77M","0.55%"
"Nov 16, 2018","18.10","17.57","18.25","17.45","2.93M","3.13%"
"Nov 15, 2018","17.55","17.17","17.69","17.17","1.69M","0.29%"
"Nov 14, 2018","17.50","17.20","17.55","17.11","404.00K","0.29%"
"Nov 13, 2018","17.45","17.01","17.55","16.91","709.50K","2.35%"
"Nov 12, 2018","17.05","17.25","17.55","17.05","142.00K","-2.57%"
"Nov 09, 2018","17.50","17.55","17.60","17.26","170.00K","0.00%"
"Nov 08, 2018","17.50","17.15","17.75","17.00","848.50K","2.64%"
"Nov 07, 2018","17.05","16.99","17.58","16.85","1.01M","3.96%"
"Nov 06, 2018","16.40","16.70","17.07","16.36","701.50K","-2.96%"
"Nov 05, 2018","16.90","17.79","17.79","16.80","307.50K","-5.32%"
"Nov 02, 2018","17.85","17.89","18.00","17.50","178.00K","0.34%"
"Nov 01, 2018","17.79","17.89","18.00","17.50","130.00K","1.08%"
"Oct 31, 2018","17.60","17.50","18.00","17.03","368.00K","0.57%"
"Oct 30, 2018","17.50","18.25","18.25","17.40","130.00K","-3.58%"
"Oct 29, 2018","18.15","17.50","18.23","17.50","1.16M","5.34%"
"Oct 26, 2018","17.23","16.00","17.23","15.87","1.47M","5.90%"
"Oct 25, 2018","16.27","16.90","16.95","15.80","281.00K","0.00%"
"Oct 24, 2018","16.27","16.14","16.27","15.55","728.50K","6.62%"
"Oct 23, 2018","15.26","15.85","15.85","15.26","162.00K","-5.80%"
"Oct 22, 2018","16.20","16.99","17.00","16.11","502.00K","-1.40%"
"Oct 19, 2018","16.43","15.48","16.43","15.10","491.50K","7.39%"
"Oct 18, 2018","15.30","15.50","15.95","15.12","114.50K","-1.86%"
"Oct 17, 2018","15.59","14.90","15.59","14.90","203.00K","6.20%"
"Oct 16, 2018","14.68","14.00","14.70","14.00","418.50K","3.53%"
"Oct 15, 2018","14.18","13.75","14.18","13.00","296.50K","1.50%"
"Oct 12, 2018","13.97","15.39","15.39","13.97","584.00K","-5.99%"
"Oct 11, 2018","14.86","15.51","15.51","14.86","62.00K","-4.13%"
"Oct 10, 2018","15.50","15.25","15.80","15.10","50.00K","-3.13%"
"Oct 09, 2018","16.00","16.35","16.35","15.30","226.50K","1.27%"
"Oct 08, 2018","15.80","16.25","16.25","15.50","300.50K","-3.95%"
"Oct 05, 2018","16.45","16.50","16.89","16.10","204.00K","-3.80%"
"Oct 04, 2018","17.10","16.55","17.20","16.55","2.11M","0.12%"
"Oct 03, 2018","17.08","17.00","17.10","17.00","261.50K","0.47%"
"Oct 02, 2018","17.00","16.30","17.25","16.30","340.00K","3.03%"
"Oct 01, 2018","16.50","16.94","16.94","16.00","191.00K","3.90%"
"Sep 28, 2018","15.88","16.99","16.89","15.80","1.40M","-2.87%"
"Sep 27, 2018","16.35","17.35","17.38","16.25","360.50K","-1.21%"
"Sep 26, 2018","16.55","17.45","17.39","16.51","180.00K","-2.93%"
"Sep 25, 2018","17.05","17.02","17.48","16.90","55.50K","0.89%"
"Sep 24, 2018","16.90","17.98","17.98","16.90","109.00K","-3.15%"
"Sep 19, 2018","17.45","17.44","17.85","17.30","1.31M","0.06%"
"Sep 18, 2018","17.44","17.05","17.48","16.91","101.50K","2.53%"
"Sep 17, 2018","17.01","18.35","17.80","16.95","379.00K","-3.02%"
"Sep 14, 2018","17.54","18.02","18.01","17.28","479.00K","-2.56%"
"Sep 13, 2018","18.00","18.20","18.20","17.93","359.50K","0.33%"
"Sep 12, 2018","17.94","18.75","19.11","17.70","521.00K","-1.97%"
"Sep 11, 2018","18.30","17.81","18.74","17.45","1.68M","3.10%"
"Sep 10, 2018","17.75","18.29","18.29","17.43","349.00K","-1.06%"
"Sep 07, 2018","17.94","18.50","19.26","17.55","1.88M","-1.43%"
"Sep 06, 2018","18.20","19.00","19.00","18.20","535.00K","-3.29%"
"Sep 05, 2018","18.82","19.45","19.00","18.75","66.00K","-1.77%"
"Sep 04, 2018","19.16","19.60","19.60","18.70","136.00K","0.31%"
"Sep 03, 2018","19.10","18.75","19.25","18.75","44.00K","-1.55%"
"Aug 31, 2018","19.40","19.55","19.69","19.33","133.50K","0.57%"
"Aug 30, 2018","19.29","19.50","19.60","18.62","337.00K","-0.36%"
"Aug 29, 2018","19.36","20.00","20.00","19.36","145.50K","-2.91%"
"Aug 28, 2018","19.94","20.00","20.05","19.85","39.50K","0.66%"
"Aug 27, 2018","19.81","20.40","20.40","19.81","224.50K","-2.41%"
"Aug 24, 2018","20.30","20.74","20.74","20.26","24.50K","-1.02%"
"Aug 20, 2018","20.51","20.66","20.85","20.50","477.50K","-0.24%"
"Aug 17, 2018","20.56","20.00","20.92","20.00","853.00K","2.80%"
"Aug 16, 2018","20.00","20.06","20.50","19.82","801.00K","-0.79%"
"Aug 15, 2018","20.16","20.25","20.80","20.15","813.50K","-0.20%"
"Aug 13, 2018","20.20","20.21","20.50","20.20","235.50K","-0.49%"
"Aug 10, 2018","20.30","20.40","20.50","20.30","560.50K","0.25%"
"Aug 09, 2018","20.25","20.20","20.35","20.20","439.00K","0.25%"
"Aug 08, 2018","20.20","21.00","20.39","20.02","313.50K","0.40%"
"Aug 07, 2018","20.12","20.40","20.40","20.12","148.50K","-0.15%"
"Aug 06, 2018","20.15","20.00","20.40","20.00","275.50K","1.77%"
"Aug 03, 2018","19.80","19.65","20.45","19.65","95.50K","0.51%"
"Aug 02, 2018","19.70","20.20","20.23","19.70","173.00K","-2.48%"
"Aug 01, 2018","20.20","19.90","20.30","19.90","267.00K","1.00%"
"Jul 31, 2018","20.00","20.99","20.99","20.00","1.44M","-1.33%"
"Jul 30, 2018","20.27","19.60","20.27","19.60","1.59M","5.19%"
"Jul 27, 2018","19.27","19.00","19.44","19.00","310.00K","0.63%"
"Jul 26, 2018","19.15","19.50","19.50","18.80","489.50K","0.52%"
"Jul 24, 2018","19.05","18.10","19.05","18.10","604.50K","5.54%"
"Jul 23, 2018","18.05","18.00","18.11","17.92","254.00K","-2.17%"
"Jul 20, 2018","18.45","18.62","18.70","18.26","146.50K","-2.12%"
"Jul 19, 2018","18.85","18.50","19.15","18.50","823.00K","1.89%"
"Jul 18, 2018","18.50","18.00","18.65","18.00","701.50K","2.78%"
"Jul 17, 2018","18.00","17.75","18.04","17.75","71.50K","0.28%"
"Jul 16, 2018","17.95","17.92","18.00","17.55","371.50K","-0.28%"
"Jul 13, 2018","18.00","18.00","18.10","17.90","189.50K","0.00%"
"Jul 12, 2018","18.00","17.75","18.00","17.72","104.00K","1.69%"
"Jul 11, 2018","17.70","18.00","18.20","17.70","387.00K","-0.56%"
"Jul 10, 2018","17.80","17.71","18.00","17.35","226.50K","-0.56%"
"Jul 09, 2018","17.90","18.70","18.80","17.90","455.00K","-4.84%"
"Jul 06, 2018","18.81","18.95","19.01","18.65","148.50K","-0.90%"
"Jul 05, 2018","18.98","19.00","19.00","18.60","324.00K","0.42%"
"Jul 04, 2018","18.90","19.50","19.56","18.70","722.50K","-3.82%"
"Jul 03, 2018","19.65","19.50","19.90","19.50","96.50K","-0.76%"
"Jul 02, 2018","19.80","19.85","20.00","19.60","203.00K","0.25%"
"Jun 29, 2018","19.75","19.50","20.05","19.10","471.00K","0.77%"
"Jun 28, 2018","19.60","19.00","19.95","19.00","430.50K","2.89%"
"Jun 27, 2018","19.05","19.00","19.79","19.00","1.18M","-4.70%"
"Jun 26, 2018","19.99","20.20","20.45","19.60","307.00K","-0.40%"
"Jun 25, 2018","20.07","20.51","21.00","19.73","3.17M","-3.32%"
"Jun 22, 2018","20.76","20.76","21.25","20.76","5.17M","-4.99%"
"Jun 21, 2018","21.85","21.85","21.85","21.85","36.50K","-4.96%"
"Jun 20, 2018","22.99","24.01","24.10","22.99","692.00K","-5.00%"
"Jun 19, 2018","24.20","24.21","24.79","24.05","189.50K","-2.62%"
"Jun 14, 2018","24.85","25.20","25.50","24.51","78.50K","-3.19%"
"Jun 13, 2018","25.67","25.67","25.70","25.66","12.50K","0.27%"
"Jun 12, 2018","25.60","26.50","26.50","25.60","90.00K","-3.40%"
"Jun 11, 2018","26.50","26.50","26.55","26.50","783.50K","0.00%"
"Jun 07, 2018","26.50","26.59","26.60","26.50","439.50K","-0.19%"
"Jun 06, 2018","26.55","26.51","26.60","26.50","282.50K","1.65%"
"Jun 05, 2018","26.12","26.50","26.70","26.12","15.00K","-1.43%"
"Jun 04, 2018","26.50","26.50","26.75","26.50","477.50K","-0.15%"
"Jun 01, 2018","26.54","26.58","26.58","26.50","124.00K","-1.34%"
"May 31, 2018","26.90","27.00","27.00","26.70","8.50K","-0.37%"
"May 30, 2018","27.00","26.98","27.20","26.71","802.50K","1.01%"
"May 29, 2018","26.73","26.86","26.86","26.43","231.50K","0.49%"
"May 28, 2018","26.60","27.00","27.23","26.50","527.00K","-0.37%"
"May 25, 2018","26.70","26.41","27.23","26.31","1.17M","0.49%"
"May 24, 2018","26.57","25.60","26.57","25.51","1.92M","4.98%"
"May 23, 2018","25.31","25.00","25.31","24.69","840.50K","3.31%"
"May 22, 2018","24.50","23.80","24.74","23.55","45.00K","2.08%"
"May 21, 2018","24.00","23.99","24.42","23.80","30.00K","1.91%"
"May 18, 2018","23.55","23.12","23.86","23.12","86.50K","0.86%"
"May 17, 2018","23.35","23.00","23.40","23.00","211.00K","1.52%"
"May 16, 2018","23.00","22.26","23.50","21.95","277.00K","1.05%"
"May 15, 2018","22.76","21.65","22.88","21.65","166.00K","0.04%"
"May 14, 2018","22.75","23.01","23.25","22.75","136.00K","-1.98%"
"May 11, 2018","23.21","24.12","24.24","23.21","88.50K","-4.29%"
"May 10, 2018","24.25","23.65","24.65","23.65","150.00K","-2.22%"
"May 09, 2018","24.80","24.41","24.80","23.80","40.50K","2.39%"
"May 08, 2018","24.22","25.28","25.28","24.22","61.50K","-2.14%"
"May 07, 2018","24.75","25.00","25.00","24.75","49.00K","-0.40%"
"May 04, 2018","24.85","24.50","24.90","24.50","36.50K","0.16%"
"May 03, 2018","24.81","25.40","25.40","24.70","53.50K","-2.67%"
"May 02, 2018","25.49","25.70","25.70","25.25","48.50K","-1.01%"
"Apr 30, 2018","25.75","27.00","27.00","25.66","100.50K","-2.13%"
"Apr 27, 2018","26.31","26.05","26.40","25.95","60.50K","1.19%"
"Apr 26, 2018","26.00","26.90","27.39","26.00","77.50K","-2.48%"
"Apr 25, 2018","26.66","26.50","27.00","26.50","2.18M","1.18%"
"Apr 24, 2018","26.35","26.51","26.59","26.00","477.00K","2.13%"
"Apr 23, 2018","25.80","25.42","26.00","25.30","238.50K","2.79%"
"Apr 20, 2018","25.10","24.90","25.45","24.91","502.50K","1.13%"
"Apr 19, 2018","24.82","24.60","24.82","24.56","611.50K","1.39%"
"Apr 18, 2018","24.48","25.25","25.25","24.20","163.50K","-1.29%"
"Apr 17, 2018","24.80","24.80","25.00","24.75","178.00K","-0.40%"
"Apr 16, 2018","24.90","24.99","25.00","24.45","63.00K","0.81%"
"Apr 13, 2018","24.70","25.00","25.00","24.60","29.00K","-0.84%"
"Apr 12, 2018","24.91","25.35","25.38","24.90","185.50K","-1.35%"
"Apr 11, 2018","25.25","25.04","25.40","25.04","151.50K","0.20%"
"Apr 10, 2018","25.20","25.26","25.26","25.05","327.50K","-0.79%"
"Apr 09, 2018","25.40","25.45","25.70","25.23","267.00K","1.80%"
"Apr 06, 2018","24.95","25.99","25.99","24.80","345.00K","-1.85%"
"Apr 05, 2018","25.42","25.26","25.74","25.20","208.50K","-1.59%"
"Apr 04, 2018","25.83","26.00","26.00","25.72","87.50K","0.27%"
"Apr 03, 2018","25.76","25.95","26.00","25.75","41.00K","-0.16%"
"Apr 02, 2018","25.80","26.25","26.55","25.80","21.00K","-0.42%"
"Mar 30, 2018","25.91","26.00","26.12","25.87","135.00K","-0.54%"
"Mar 29, 2018","26.05","26.12","26.15","25.86","164.50K","-0.50%"
"Mar 28, 2018","26.18","26.39","26.84","25.86","225.50K","-1.21%"
"Mar 27, 2018","26.50","26.61","27.20","26.34","202.00K","-1.12%"
"Mar 26, 2018","26.80","26.30","26.88","26.26","479.00K","1.32%"
"Mar 22, 2018","26.45","26.48","26.48","25.80","207.50K","1.15%"
"Mar 21, 2018","26.15","26.40","26.30","25.51","1.96M","2.55%"
"Mar 20, 2018","25.50","25.50","26.00","25.25","230.00K","0.71%"
"Mar 19, 2018","25.32","25.26","25.55","25.26","64.50K","-1.21%"
"Mar 16, 2018","25.63","25.62","26.40","25.51","7.48M","2.11%"
"Mar 15, 2018","25.10","25.01","25.30","25.01","83.00K","-0.59%"
"Mar 14, 2018","25.25","25.25","25.25","24.80","304.50K","1.00%"
"Mar 13, 2018","25.00","25.11","25.32","25.00","294.50K","-0.91%"
"Mar 12, 2018","25.23","25.50","25.61","25.00","433.50K","2.15%"
"Mar 09, 2018","24.70","26.00","26.00","24.70","213.00K","-5.00%"
"Mar 08, 2018","26.00","26.45","26.48","25.37","110.00K","-0.80%"
"Mar 07, 2018","26.21","26.50","26.70","26.10","165.00K","-1.21%"
"Mar 06, 2018","26.53","26.52","26.95","26.45","362.00K","-1.81%"
"Mar 05, 2018","27.02","28.05","28.10","27.00","440.50K","-3.36%"
"Mar 02, 2018","27.96","28.94","29.00","27.71","2.34M","0.76%"
"Mar 01, 2018","27.75","26.25","27.75","26.20","4.65M","4.32%"
"Feb 28, 2018","26.60","25.50","26.80","25.50","2.09M","4.03%"
"Feb 27, 2018","25.57","25.74","26.15","25.33","235.50K","-1.27%"
"Feb 26, 2018","25.90","24.75","26.03","24.75","929.50K","2.98%"
"Feb 23, 2018","25.15","25.50","25.99","24.70","1.52M","-2.03%"
"Feb 22, 2018","25.67","24.00","25.69","24.00","2.27M","3.93%"
"Feb 21, 2018","24.70","24.55","25.10","24.35","411.00K","0.24%"
"Feb 20, 2018","24.64","24.50","25.24","24.50","1.54M","-0.04%"
"Feb 19, 2018","24.65","24.85","25.00","24.35","339.00K","0.12%"
"Feb 16, 2018","24.62","25.48","25.48","23.94","5.71M","0.37%"
"Feb 15, 2018","24.53","23.40","24.53","23.39","3.04M","4.83%"
"Feb 14, 2018","23.40","23.03","23.60","22.76","1.31M","2.18%"
"Feb 13, 2018","22.90","23.30","23.46","22.86","613.00K","-0.43%"
"Feb 12, 2018","23.00","22.75","23.20","22.75","391.50K","0.00%"
"Feb 09, 2018","23.00","23.00","23.18","22.67","128.50K","0.09%"
"Feb 08, 2018","22.98","23.11","23.50","22.51","220.50K","-0.95%"
"Feb 07, 2018","23.20","23.95","24.25","23.01","821.50K","-2.89%"
"Feb 06, 2018","23.89","22.66","24.11","22.65","1.74M","2.80%"
"Feb 02, 2018","23.24","22.81","23.80","22.80","2.27M","1.71%"
"Feb 01, 2018","22.85","22.76","23.00","22.76","373.00K","0.31%"
"Jan 31, 2018","22.78","23.00","23.01","22.70","329.50K","-0.96%"
"Jan 30, 2018","23.00","22.60","23.25","22.30","672.50K","2.00%"
"Jan 29, 2018","22.55","22.76","22.90","22.50","100.00K","-1.01%"
"Jan 26, 2018","22.78","23.00","23.00","22.50","100.00K","-0.91%"
"Jan 25, 2018","22.99","22.75","23.15","22.75","142.50K","-0.04%"
"Jan 24, 2018","23.00","23.00","23.65","22.90","787.50K","0.00%"
"Jan 23, 2018","23.00","23.10","23.13","22.75","172.00K","-0.90%"
"Jan 22, 2018","23.21","23.20","23.41","23.11","260.00K","0.04%"
"Jan 19, 2018","23.20","23.00","23.60","22.90","487.00K","2.20%"
"Jan 18, 2018","22.70","23.00","23.15","22.50","299.50K","0.04%"
"Jan 17, 2018","22.69","22.57","22.88","22.20","221.00K","-0.48%"
"Jan 16, 2018","22.80","22.77","23.11","22.50","951.50K","4.35%"
"Jan 15, 2018","21.85","21.83","22.20","21.75","167.50K","-2.93%"
"Jan 12, 2018","22.51","22.77","23.00","22.00","111.50K","-2.39%"
"Jan 11, 2018","23.06","23.01","23.35","22.84","62.00K","-1.03%"
"Jan 10, 2018","23.30","22.32","23.60","22.32","664.50K","2.64%"
"Jan 09, 2018","22.70","22.76","22.76","22.35","139.00K","-0.83%"
"Jan 08, 2018","22.89","23.50","23.50","22.78","668.00K","-0.48%"
"Jan 05, 2018","23.00","23.50","23.90","23.00","705.00K","-2.00%"
"Jan 04, 2018","23.47","22.88","23.88","22.50","1.09M","3.16%"
"Jan 03, 2018","22.75","24.20","24.20","22.37","1.07M","-4.01%"
"Jan 02, 2018","23.70","24.29","24.40","22.41","1.78M","0.77%"
"Jan 01, 2018","23.52","23.52","23.52","23.08","1.46M","5.00%"
"Dec 29, 2017","22.40","21.84","22.40","21.50","6.76M","4.97%"
"Dec 28, 2017","21.34","21.34","21.34","20.36","4.70M","4.97%"
"Dec 27, 2017","20.33","20.33","20.33","20.33","28.00K","5.17%"
"Dec 26, 2017","19.33","19.33","19.33","19.33","1.94M","5.46%"
"Dec 22, 2017","18.33","18.33","18.33","18.33","217.50K","5.10%"
"Dec 21, 2017","17.44","16.80","17.44","16.50","306.00K","6.93%"
"Dec 20, 2017","16.31","16.50","16.75","16.31","1.83M","-0.61%"
"Dec 19, 2017","16.41","17.55","17.75","16.41","892.50K","-6.12%"
"Dec 18, 2017","17.48","16.61","17.48","16.61","781.00K","4.05%"
"Dec 15, 2017","16.80","16.90","17.15","16.66","62.00K","0.30%"
"Dec 14, 2017","16.75","17.60","17.60","16.52","313.50K","-4.23%"
"Dec 13, 2017","17.49","16.99","17.55","16.99","326.00K","2.88%"
"Dec 12, 2017","17.00","16.99","17.00","16.30","109.00K","0.00%"
"Dec 11, 2017","17.00","17.45","17.60","16.95","78.50K","-2.58%"
"Dec 08, 2017","17.45","17.75","17.77","17.45","182.00K","-1.69%"
"Dec 07, 2017","17.75","18.75","18.75","17.75","261.00K","-5.33%"
"Dec 06, 2017","18.75","18.75","19.10","18.60","345.50K","-1.37%"
"Dec 05, 2017","19.01","19.02","19.15","18.84","107.00K","0.05%"
"Dec 04, 2017","19.00","18.90","19.50","18.80","101.00K","1.12%"
"Nov 30, 2017","18.79","18.25","18.79","18.00","286.00K","4.39%"
"Nov 29, 2017","18.00","17.87","18.00","17.70","744.00K","1.41%"
"Nov 28, 2017","17.75","17.75","17.85","17.70","44.00K","0.00%"
"Nov 27, 2017","17.75","17.70","17.75","17.40","20.00K","0.00%"
"Nov 24, 2017","17.75","17.85","18.10","17.53","105.50K","1.43%"
"Nov 23, 2017","17.50","17.89","17.89","17.33","20.50K","0.11%"
"Nov 22, 2017","17.48","17.30","17.97","17.25","65.00K","0.17%"
"Nov 21, 2017","17.45","17.68","17.68","17.25","95.00K","0.58%"
"Nov 20, 2017","17.35","17.50","17.69","17.32","35.50K","-1.70%"
"Nov 17, 2017","17.65","17.41","17.65","17.41","30.50K","2.26%"
"Nov 16, 2017","17.26","17.51","17.68","17.20","627.00K","-1.65%"
"Nov 15, 2017","17.55","17.45","17.60","17.45","57.50K","1.74%"
"Nov 14, 2017","17.25","17.51","17.52","17.25","123.00K","-1.43%"
"Nov 13, 2017","17.50","17.80","17.82","17.40","853.00K","-4.37%"
"Nov 10, 2017","18.30","18.50","18.50","17.95","37.00K","0.00%"
"Nov 09, 2017","18.30","17.98","18.50","17.98","235.00K","2.23%"
"Nov 08, 2017","17.90","17.50","17.90","17.43","13.50K","0.11%"
"Nov 07, 2017","17.88","17.88","17.90","17.63","14.50K","1.13%"
"Nov 06, 2017","17.68","17.35","18.24","17.22","129.00K","3.27%"
"Nov 03, 2017","17.12","17.60","17.70","17.10","197.50K","-3.00%"
"Nov 02, 2017","17.65","17.50","17.84","17.50","187.00K","0.28%"
"Nov 01, 2017","17.60","17.50","17.90","17.50","133.50K","-0.56%"
"Oct 31, 2017","17.70","18.00","18.50","17.70","895.50K","-5.35%"
"Oct 30, 2017","18.70","19.00","19.27","18.70","271.00K","-5.08%"
"Oct 27, 2017","19.70","19.70","19.80","19.30","42.00K","0.05%"
"Oct 26, 2017","19.69","19.75","19.75","19.30","40.50K","0.20%"
"Oct 25, 2017","19.65","19.50","19.83","19.50","24.50K","0.77%"
"Oct 24, 2017","19.50","19.95","19.95","18.90","168.50K","0.00%"
"Oct 23, 2017","19.50","19.76","20.00","19.41","54.00K","-3.47%"
"Oct 20, 2017","20.20","19.90","20.20","18.81","66.00K","1.05%"
"Oct 19, 2017","19.99","19.11","19.99","19.10","29.00K","4.11%"
"Oct 18, 2017","19.20","19.20","19.20","18.80","89.00K","1.32%"
"Oct 17, 2017","18.95","19.25","19.25","18.95","319.50K","-1.30%"
"Oct 16, 2017","19.20","19.24","19.24","18.55","85.00K","3.78%"
"Oct 13, 2017","18.50","18.99","19.00","18.00","588.00K","-2.63%"
"Oct 12, 2017","19.00","20.00","20.00","19.00","631.00K","-5.00%"
"Oct 11, 2017","20.00","19.80","20.45","19.80","67.00K","0.00%"
"Oct 10, 2017","20.00","20.40","20.86","19.92","618.00K","-1.72%"
"Oct 09, 2017","20.35","20.37","20.39","20.35","21.00K","-2.02%"
"Oct 06, 2017","20.77","20.90","21.25","20.75","567.50K","-0.62%"
"Oct 05, 2017","20.90","21.00","21.00","20.30","94.00K","0.24%"
"Oct 04, 2017","20.85","21.60","21.60","20.85","388.00K","-3.70%"
"Oct 03, 2017","21.65","21.75","22.00","21.30","137.50K","-1.59%"
"Oct 02, 2017","22.00","22.26","22.26","21.80","182.00K","-0.90%"
"Sep 29, 2017","22.20","23.00","23.10","22.20","956.00K","-0.45%"
"Sep 28, 2017","22.30","22.00","22.35","20.90","1.33M","1.41%"
"Sep 27, 2017","21.99","21.46","21.99","21.00","140.00K","4.71%"
"Sep 26, 2017","21.00","20.88","21.99","20.87","1.14M","0.05%"
"Sep 25, 2017","20.99","21.48","21.75","20.90","222.00K","-2.78%"
"Sep 22, 2017","21.59","20.90","21.75","20.86","87.50K","2.81%"
"Sep 21, 2017","21.00","21.00","21.25","20.90","79.50K","0.00%"
"Sep 20, 2017","21.00","21.25","21.25","21.00","45.00K","-2.28%"
"Sep 19, 2017","21.49","21.36","21.50","20.05","461.00K","1.85%"
"Sep 18, 2017","21.10","21.50","21.50","21.00","915.50K","-1.86%"
"Sep 15, 2017","21.50","22.00","22.00","21.01","47.50K","-0.56%"
"Sep 14, 2017","21.62","21.30","21.90","21.10","365.50K","1.74%"
"Sep 13, 2017","21.25","20.02","21.25","20.01","381.00K","6.14%"
"Sep 12, 2017","20.02","20.50","20.50","20.01","301.00K","0.10%"
"Sep 11, 2017","20.00","20.05","20.15","20.00","110.50K","-0.99%"
"Sep 08, 2017","20.20","20.03","20.20","20.00","947.50K","1.05%"
"Sep 07, 2017","19.99","20.01","20.01","19.95","418.00K","-0.10%"
"Sep 06, 2017","20.01","20.25","20.35","20.01","309.00K","-0.25%"
"Sep 05, 2017","20.06","20.05","20.65","20.00","89.00K","-1.43%"
"Aug 31, 2017","20.35","20.15","20.38","20.01","6.00K","1.24%"
"Aug 30, 2017","20.10","19.70","20.10","19.70","277.50K","2.24%"
"Aug 29, 2017","19.66","20.20","20.68","19.66","83.50K","-3.63%"
"Aug 28, 2017","20.40","20.79","20.98","20.40","87.50K","-2.86%"
"Aug 25, 2017","21.00","20.50","21.05","20.00","113.00K","2.54%"
"Aug 24, 2017","20.48","21.33","21.95","20.45","191.50K","-4.34%"
"Aug 23, 2017","21.41","21.50","21.50","20.50","118.00K","4.44%"
"Aug 22, 2017","20.50","20.50","21.44","20.40","264.00K","-2.05%"
"Aug 21, 2017","20.93","22.74","22.74","20.93","274.00K","-4.86%"
"Aug 18, 2017","22.00","21.60","22.05","21.51","191.00K","0.69%"
"Aug 17, 2017","21.85","21.80","22.10","21.75","136.00K","-0.23%"
"Aug 16, 2017","21.90","22.02","22.20","21.80","124.00K","-0.45%"
"Aug 15, 2017","22.00","22.60","22.60","22.00","518.00K","-2.35%"
"Aug 11, 2017","22.53","22.11","22.53","22.17","87.00K","-0.53%"
"Aug 10, 2017","22.65","23.25","23.25","22.40","198.50K","-2.58%"
"Aug 09, 2017","23.25","23.00","23.50","22.80","127.50K","0.22%"
"Aug 08, 2017","23.20","23.60","23.65","23.15","149.50K","-1.61%"
"Aug 07, 2017","23.58","24.00","24.01","23.52","204.00K","-1.75%"
"Aug 04, 2017","24.00","23.81","24.40","23.81","416.50K","-0.17%"
"Aug 03, 2017","24.04","24.55","24.55","23.90","1.80M","-1.35%"
"Aug 02, 2017","24.37","23.49","24.54","23.40","982.00K","3.48%"
"Aug 01, 2017","23.55","23.02","23.55","23.02","791.50K","0.43%"
"Jul 31, 2017","23.45","23.00","23.89","23.00","951.50K","0.95%"
"Jul 28, 2017","23.23","21.23","23.36","21.14","1.03M","4.64%"
"Jul 27, 2017","22.20","22.20","22.55","22.15","200.00K","-0.27%"
"Jul 26, 2017","22.26","22.60","22.79","22.20","419.00K","-0.98%"
"Jul 25, 2017","22.48","21.49","22.57","21.40","1.76M","4.95%"
"Jul 24, 2017","21.42","21.55","21.89","21.42","395.50K","-0.14%"
"Jul 21, 2017","21.45","21.80","21.80","21.25","579.00K","-2.28%"
"Jul 20, 2017","21.95","22.60","22.65","21.95","593.00K","-1.08%"
"Jul 19, 2017","22.19","22.95","22.95","22.10","557.50K","-2.33%"
"Jul 18, 2017","22.72","21.85","23.19","21.85","1.13M","3.27%"
"Jul 17, 2017","22.00","22.10","22.68","21.90","321.00K","0.32%"
"Jul 14, 2017","21.93","22.25","22.25","21.70","674.00K","-0.27%"
"Jul 13, 2017","21.99","23.10","23.14","21.90","1.41M","-3.55%"
"Jul 12, 2017","22.80","23.40","24.00","22.80","2.45M","-4.96%"
"Jul 11, 2017","23.99","24.55","24.55","23.99","1.00M","-4.04%"
"Jul 10, 2017","25.00","24.00","25.35","24.00","1.39M","1.42%"
"Jul 07, 2017","24.65","23.65","24.78","23.65","616.50K","3.61%"
"Jul 06, 2017","23.79","24.70","24.90","23.53","793.50K","-4.84%"
"Jul 05, 2017","25.00","25.00","25.25","24.30","309.50K","-0.40%"
"Jul 04, 2017","25.10","24.30","25.50","24.20","1.25M","1.29%"
"Jul 03, 2017","24.78","25.40","26.00","24.51","1.48M","-3.77%"
"Jun 30, 2017","25.75","26.00","26.94","25.60","6.49M","-3.20%"
"Jun 29, 2017","26.60","26.70","27.85","26.60","2.66M","130.30%"